{"nwrmsle": 0.741285020452637, "r2_score": 0.13517360684564084}